{
  "IcoMoonType": "selection",
  "icons": [
    {
      "icon": {
        "paths": [
          "M959.884 128c0.040 0.034 0.082 0.076 0.116 0.116v767.77c-0.034 0.040-0.076 0.082-0.116 0.116h-895.77c-0.040-0.034-0.082-0.076-0.114-0.116v-767.772c0.034-0.040 0.076-0.082 0.114-0.114h895.77zM960 64h-896c-35.2 0-64 28.8-64 64v768c0 35.2 28.8 64 64 64h896c35.2 0 64-28.8 64-64v-768c0-35.2-28.8-64-64-64v0z",
          "M832 288c0 53.020-42.98 96-96 96s-96-42.98-96-96 42.98-96 96-96 96 42.98 96 96z",
          "M896 832h-768v-128l224-384 256 320h64l224-192z"
        ],
        "tags": [
          "image",
          "picture",
          "photo",
          "graphic"
        ],
        "defaultCode": 59661,
        "grid": 16,
        "attrs": []
      },
      "attrs": [],
      "properties": {
        "ligatures": "image, picture",
        "name": "image",
        "order": 4,
        "id": 14,
        "prevSize": 32,
        "code": 59661
      },
      "setIdx": 0,
      "setId": 1,
      "iconIdx": 13
    },
    {
      "icon": {
        "paths": [
          "M304 608c0 114.876 93.124 208 208 208s208-93.124 208-208-93.124-208-208-208-208 93.124-208 208zM960 256h-224c-16-64-32-128-96-128h-256c-64 0-80 64-96 128h-224c-35.2 0-64 28.8-64 64v576c0 35.2 28.8 64 64 64h896c35.2 0 64-28.8 64-64v-576c0-35.2-28.8-64-64-64zM512 892c-156.85 0-284-127.148-284-284 0-156.85 127.15-284 284-284 156.852 0 284 127.15 284 284 0 156.852-127.146 284-284 284zM960 448h-128v-64h128v64z"
        ],
        "tags": [
          "camera",
          "photo",
          "picture",
          "image"
        ],
        "defaultCode": 59663,
        "grid": 16,
        "attrs": []
      },
      "attrs": [],
      "properties": {
        "ligatures": "camera, photo",
        "name": "camera",
        "order": 2,
        "id": 16,
        "prevSize": 32,
        "code": 59663
      },
      "setIdx": 0,
      "setId": 1,
      "iconIdx": 15
    },
    {
      "icon": {
        "paths": [
          "M704 640c-64 64-64 128-128 128s-128-64-192-128-128-128-128-192 64-64 128-128-128-256-192-256-192 192-192 192c0 128 131.5 387.5 256 512s384 256 512 256c0 0 192-128 192-192s-192-256-256-192z"
        ],
        "tags": [
          "phone",
          "telephone",
          "contact",
          "support",
          "call"
        ],
        "defaultCode": 59714,
        "grid": 16,
        "attrs": []
      },
      "attrs": [],
      "properties": {
        "ligatures": "phone, telephone",
        "name": "phone",
        "order": 15,
        "id": 67,
        "prevSize": 32,
        "code": 59714
      },
      "setIdx": 0,
      "setId": 1,
      "iconIdx": 66
    },
    {
      "icon": {
        "paths": [
          "M1017.378 575.994c8.004 55.482 13.216 131.392-11.664 160.446-41.142 48.044-301.712 48.044-301.712-48.042 0-48.398 42.856-80.134 1.712-128.178-40.472-47.262-113.026-48.030-193.714-48.042-80.686 0.012-153.242 0.78-193.714 48.042-41.142 48.046 1.714 79.78 1.714 128.178 0 96.086-260.57 96.086-301.714 48.044-24.878-29.054-19.668-104.964-11.662-160.446 6.16-37.038 21.724-76.996 71.548-127.994 0-0.002 0.002-0.002 0.002-0.004 74.738-69.742 187.846-126.738 429.826-127.968v-0.030c1.344 0 2.664 0.010 4 0.014 1.338-0.004 2.656-0.014 4-0.014v0.028c241.98 1.23 355.088 58.226 429.826 127.968 0.002 0.002 0.002 0.004 0.002 0.004 49.824 50.996 65.39 90.954 71.55 127.994z"
        ],
        "tags": [
          "phone-hang-up",
          "telephone",
          "contact",
          "support",
          "call"
        ],
        "defaultCode": 59715,
        "grid": 16,
        "attrs": []
      },
      "attrs": [],
      "properties": {
        "ligatures": "phone-hang-up, telephone2",
        "name": "phone-hang-up",
        "order": 16,
        "id": 68,
        "prevSize": 32,
        "code": 59715
      },
      "setIdx": 0,
      "setId": 1,
      "iconIdx": 67
    },
    {
      "icon": {
        "paths": [
          "M928 128h-832c-52.8 0-96 43.2-96 96v640c0 52.8 43.2 96 96 96h832c52.8 0 96-43.2 96-96v-640c0-52.8-43.2-96-96-96zM398.74 550.372l-270.74 210.892v-501.642l270.74 290.75zM176.38 256h671.24l-335.62 252-335.62-252zM409.288 561.698l102.712 110.302 102.71-110.302 210.554 270.302h-626.528l210.552-270.302zM625.26 550.372l270.74-290.75v501.642l-270.74-210.892z"
        ],
        "tags": [
          "envelop",
          "mail",
          "email",
          "contact",
          "letter"
        ],
        "defaultCode": 59717,
        "grid": 16,
        "attrs": []
      },
      "attrs": [],
      "properties": {
        "ligatures": "envelop, mail",
        "name": "envelop",
        "order": 14,
        "id": 70,
        "prevSize": 32,
        "code": 59717
      },
      "setIdx": 0,
      "setId": 1,
      "iconIdx": 69
    },
    {
      "icon": {
        "paths": [
          "M832 64h-640l-192 192v672c0 17.674 14.326 32 32 32h960c17.672 0 32-14.326 32-32v-672l-192-192zM512 832l-320-256h192v-192h256v192h192l-320 256zM154.51 192l64-64h586.978l64 64h-714.978z"
        ],
        "tags": [
          "box-add",
          "box",
          "download",
          "storage",
          "inbox",
          "archive"
        ],
        "defaultCode": 59742,
        "grid": 16,
        "attrs": []
      },
      "attrs": [],
      "properties": {
        "ligatures": "box-add, box3",
        "name": "box-add",
        "order": 9,
        "id": 95,
        "prevSize": 32,
        "code": 59742
      },
      "setIdx": 0,
      "setId": 1,
      "iconIdx": 94
    },
    {
      "icon": {
        "paths": [
          "M832 64h-640l-192 192v672c0 17.674 14.326 32 32 32h960c17.672 0 32-14.326 32-32v-672l-192-192zM640 640v192h-256v-192h-192l320-256 320 256h-192zM154.51 192l64-64h586.976l64 64h-714.976z"
        ],
        "tags": [
          "box-remove",
          "box",
          "upload",
          "storage",
          "outbox",
          "archive"
        ],
        "defaultCode": 59743,
        "grid": 16,
        "attrs": []
      },
      "attrs": [],
      "properties": {
        "ligatures": "box-remove, box4",
        "name": "box-remove",
        "order": 8,
        "id": 96,
        "prevSize": 32,
        "code": 59743
      },
      "setIdx": 0,
      "setId": 1,
      "iconIdx": 95
    },
    {
      "icon": {
        "paths": [
          "M576 706.612v-52.78c70.498-39.728 128-138.772 128-237.832 0-159.058 0-288-192-288s-192 128.942-192 288c0 99.060 57.502 198.104 128 237.832v52.78c-217.102 17.748-384 124.42-384 253.388h896c0-128.968-166.898-235.64-384-253.388z"
        ],
        "tags": [
          "user",
          "profile",
          "avatar",
          "person",
          "member"
        ],
        "defaultCode": 59761,
        "grid": 16,
        "attrs": []
      },
      "attrs": [],
      "properties": {
        "ligatures": "user, profile2",
        "name": "user",
        "order": 5,
        "id": 114,
        "prevSize": 32,
        "code": 59761
      },
      "setIdx": 0,
      "setId": 1,
      "iconIdx": 113
    },
    {
      "icon": {
        "paths": [
          "M384 128c0-70.692 57.308-128 128-128s128 57.308 128 128c0 70.692-57.308 128-128 128s-128-57.308-128-128zM655.53 240.47c0-70.692 57.308-128 128-128s128 57.308 128 128c0 70.692-57.308 128-128 128s-128-57.308-128-128zM832 512c0-35.346 28.654-64 64-64s64 28.654 64 64c0 35.346-28.654 64-64 64s-64-28.654-64-64zM719.53 783.53c0-35.346 28.654-64 64-64s64 28.654 64 64c0 35.346-28.654 64-64 64s-64-28.654-64-64zM448.002 896c0 0 0 0 0 0 0-35.346 28.654-64 64-64s64 28.654 64 64c0 0 0 0 0 0 0 35.346-28.654 64-64 64s-64-28.654-64-64zM176.472 783.53c0 0 0 0 0 0 0-35.346 28.654-64 64-64s64 28.654 64 64c0 0 0 0 0 0 0 35.346-28.654 64-64 64s-64-28.654-64-64zM144.472 240.47c0 0 0 0 0 0 0-53.019 42.981-96 96-96s96 42.981 96 96c0 0 0 0 0 0 0 53.019-42.981 96-96 96s-96-42.981-96-96zM56 512c0-39.765 32.235-72 72-72s72 32.235 72 72c0 39.765-32.235 72-72 72s-72-32.235-72-72z"
        ],
        "tags": [
          "spinner",
          "loading",
          "loading-wheel",
          "busy",
          "wait"
        ],
        "defaultCode": 59770,
        "grid": 16,
        "attrs": []
      },
      "attrs": [],
      "properties": {
        "ligatures": "spinner, loading2",
        "name": "spinner",
        "order": 17,
        "id": 123,
        "prevSize": 32,
        "code": 59770
      },
      "setIdx": 0,
      "setId": 1,
      "iconIdx": 122
    },
    {
      "icon": {
        "paths": [
          "M384 128c0-70.692 57.308-128 128-128s128 57.308 128 128c0 70.692-57.308 128-128 128s-128-57.308-128-128zM790.994 512c0 0 0 0 0 0 0-57.993 47.013-105.006 105.006-105.006s105.006 47.013 105.006 105.006c0 0 0 0 0 0 0 57.993-47.013 105.006-105.006 105.006s-105.006-47.013-105.006-105.006zM688.424 783.53c0-52.526 42.58-95.106 95.106-95.106s95.106 42.58 95.106 95.106c0 52.526-42.58 95.106-95.106 95.106s-95.106-42.58-95.106-95.106zM425.862 896c0-47.573 38.565-86.138 86.138-86.138s86.138 38.565 86.138 86.138c0 47.573-38.565 86.138-86.138 86.138s-86.138-38.565-86.138-86.138zM162.454 783.53c0-43.088 34.93-78.018 78.018-78.018s78.018 34.93 78.018 78.018c0 43.088-34.93 78.018-78.018 78.018s-78.018-34.93-78.018-78.018zM57.338 512c0-39.026 31.636-70.662 70.662-70.662s70.662 31.636 70.662 70.662c0 39.026-31.636 70.662-70.662 70.662s-70.662-31.636-70.662-70.662zM176.472 240.472c0 0 0 0 0 0 0-35.346 28.654-64 64-64s64 28.654 64 64c0 0 0 0 0 0 0 35.346-28.654 64-64 64s-64-28.654-64-64zM899.464 240.472c0 64.024-51.906 115.934-115.936 115.934-64.024 0-115.936-51.91-115.936-115.934 0-64.032 51.912-115.934 115.936-115.934 64.030 0 115.936 51.902 115.936 115.934z"
        ],
        "tags": [
          "spinner",
          "loading",
          "loading-wheel",
          "busy",
          "wait"
        ],
        "defaultCode": 59775,
        "grid": 16,
        "attrs": []
      },
      "attrs": [],
      "properties": {
        "ligatures": "spinner6, loading7",
        "name": "spinner6",
        "order": 11,
        "id": 128,
        "prevSize": 32,
        "code": 59775
      },
      "setIdx": 0,
      "setId": 1,
      "iconIdx": 127
    },
    {
      "icon": {
        "paths": [
          "M592 448h-16v-192c0-105.87-86.13-192-192-192h-128c-105.87 0-192 86.13-192 192v192h-16c-26.4 0-48 21.6-48 48v480c0 26.4 21.6 48 48 48h544c26.4 0 48-21.6 48-48v-480c0-26.4-21.6-48-48-48zM192 256c0-35.29 28.71-64 64-64h128c35.29 0 64 28.71 64 64v192h-256v-192z"
        ],
        "tags": [
          "lock",
          "secure",
          "private",
          "encrypted"
        ],
        "defaultCode": 59791,
        "grid": 16,
        "attrs": []
      },
      "attrs": [],
      "properties": {
        "ligatures": "lock, secure",
        "name": "lock",
        "order": 10,
        "id": 144,
        "prevSize": 32,
        "code": 59791
      },
      "setIdx": 0,
      "setId": 1,
      "iconIdx": 143
    },
    {
      "icon": {
        "paths": [
          "M933.79 610.25c-53.726-93.054-21.416-212.304 72.152-266.488l-100.626-174.292c-28.75 16.854-62.176 26.518-97.846 26.518-107.536 0-194.708-87.746-194.708-195.99h-201.258c0.266 33.41-8.074 67.282-25.958 98.252-53.724 93.056-173.156 124.702-266.862 70.758l-100.624 174.292c28.97 16.472 54.050 40.588 71.886 71.478 53.638 92.908 21.512 211.92-71.708 266.224l100.626 174.292c28.65-16.696 61.916-26.254 97.4-26.254 107.196 0 194.144 87.192 194.7 194.958h201.254c-0.086-33.074 8.272-66.57 25.966-97.218 53.636-92.906 172.776-124.594 266.414-71.012l100.626-174.29c-28.78-16.466-53.692-40.498-71.434-71.228zM512 719.332c-114.508 0-207.336-92.824-207.336-207.334 0-114.508 92.826-207.334 207.336-207.334 114.508 0 207.332 92.826 207.332 207.334-0.002 114.51-92.824 207.334-207.332 207.334z"
        ],
        "tags": [
          "cog",
          "gear",
          "preferences",
          "settings",
          "generate",
          "control",
          "options"
        ],
        "defaultCode": 59796,
        "grid": 16,
        "attrs": []
      },
      "attrs": [],
      "properties": {
        "ligatures": "cog, gear",
        "name": "cog",
        "order": 6,
        "id": 149,
        "prevSize": 32,
        "code": 59796
      },
      "setIdx": 0,
      "setId": 1,
      "iconIdx": 148
    },
    {
      "icon": {
        "paths": [
          "M864 128l-480 480-224-224-160 160 384 384 640-640z"
        ],
        "tags": [
          "checkmark",
          "tick",
          "correct",
          "accept",
          "ok"
        ],
        "defaultCode": 59920,
        "grid": 16,
        "attrs": []
      },
      "attrs": [],
      "properties": {
        "ligatures": "checkmark, tick",
        "name": "checkmark",
        "order": 13,
        "id": 273,
        "prevSize": 32,
        "code": 59920
      },
      "setIdx": 0,
      "setId": 1,
      "iconIdx": 272
    }
  ],
  "height": 1024,
  "metadata": {
    "name": "icomoon"
  },
  "preferences": {
    "showGlyphs": true,
    "showQuickUse": true,
    "showQuickUse2": true,
    "showSVGs": true,
    "fontPref": {
      "prefix": "icon-",
      "metadata": {
        "fontFamily": "icomoon"
      },
      "metrics": {
        "emSize": 1024,
        "baseline": 6.25,
        "whitespace": 50
      },
      "embed": false
    },
    "imagePref": {
      "prefix": "icon-",
      "png": true,
      "useClassSelector": true,
      "color": 0,
      "bgColor": 16777215,
      "classSelector": ".icon"
    },
    "historySize": 50,
    "showCodes": true,
    "gridSize": 16
  }
}